{
  "script": {
    "steps": [],
    "maxProcessedMemTableBytes": -1,
    "columnsSelection": {
      "mode": "ALL"
    },
    "columnWidthsByName": {
      "Loan ID": 267,
      "Customer ID": 267,
      "Loan Status": 127,
      "Current Loan Amount": 158,
      "Term": 100,
      "Credit Score": 105,
      "Annual Income": 113,
      "Years in current job": 165,
      "Home Ownership": 120,
      "Purpose": 155,
      "Monthly Debt": 134,
      "Years of Credit History": 188,
      "Months since last delinquent": 225,
      "Number of Open Accounts": 188,
      "Number of Credit Problems": 203,
      "Current Credit Balance": 180,
      "Maximum Open Credit": 158,
      "Bankruptcies": 105,
      "Tax Liens": 100
    },
    "columnUseScientificNotationByName": {},
    "coloring": {
      "scheme": "MEANING_AND_STATUS",
      "individualColumns": [],
      "valueColoringMode": "HASH"
    },
    "sorting": [],
    "analysisColumnData": {},
    "explorationSampling": {
      "selection": {
        "maxRecordsForDisplay": -1,
        "maxStoredBytes": -1,
        "timeout": -1,
        "filter": {
          "distinct": false,
          "enabled": false
        },
        "partitionSelectionMethod": "ALL",
        "latestPartitionsN": 1,
        "ordering": {
          "enabled": false,
          "rules": []
        },
        "samplingMethod": "HEAD_SEQUENTIAL",
        "maxRecords": 100514,
        "targetRatio": 0.02,
        "ascending": true,
        "withinFirstN": -1,
        "maxReadUncompressedBytes": -1
      },
      "autoRefreshSample": false,
      "_refreshTrigger": 1702025755177
    },
    "vizSampling": {
      "selection": {
        "useMemTable": false,
        "filter": {
          "distinct": false,
          "enabled": false
        },
        "partitionSelectionMethod": "ALL",
        "latestPartitionsN": 1,
        "ordering": {
          "enabled": false,
          "rules": []
        },
        "samplingMethod": "FULL",
        "maxRecords": -1,
        "targetRatio": 0.02,
        "ascending": true,
        "withinFirstN": -1,
        "maxReadUncompressedBytes": -1
      },
      "autoRefreshSample": false,
      "_refreshTrigger": 0
    },
    "exploreUIParams": {
      "autoRefresh": true
    },
    "globalSearchQuery": "",
    "explorationFilters": [],
    "previewMode": "ALL_ROWS"
  },
  "charts": [],
  "interactiveSearch": {
    "savedQueries": []
  },
  "customMeasures": []
}