{
  "dataSpec": {
    "inputDatasetSmartName": "kadikoy_satilik_daire_prepared_distinct",
    "datasetSelection": {
      "useMemTable": false,
      "filter": {
        "distinct": false,
        "enabled": false
      },
      "partitionSelectionMethod": "ALL",
      "latestPartitionsN": 1,
      "ordering": {
        "enabled": false,
        "rules": []
      },
      "samplingMethod": "HEAD_SEQUENTIAL",
      "maxRecords": 100000,
      "targetRatio": 0.02,
      "ascending": false,
      "withinFirstN": -1,
      "maxReadUncompressedBytes": -1,
      "seed": 1337
    },
    "autoRefreshSample": true,
    "refreshTrigger": 0,
    "containerSelection": {
      "containerMode": "INHERIT"
    }
  },
  "rootCard": {
    "type": "worksheet_root",
    "confidenceLevel": 0.95,
    "showConfidenceInterval": false,
    "cards": [
      {
        "type": "ttest_2samp",
        "alternative": "TWO_SIDED",
        "value1": [
          "Bostancı"
        ],
        "value2": [
          "Kozyatağı"
        ],
        "confidenceLevel": 0.95,
        "xColumn": {
          "name": "FİYAT",
          "type": "CONTINUOUS"
        },
        "yColumn": {
          "name": "MAHALLE",
          "type": "CATEGORICAL"
        },
        "id": "QRRH1nA"
      },
      {
        "type": "chi2_independence_test",
        "maxValuesX": 2,
        "maxValuesY": 2,
        "confidenceLevel": 0.95,
        "xColumn": {
          "name": "MAHALLE",
          "type": "CATEGORICAL"
        },
        "yColumn": {
          "name": "BİNA YAŞI",
          "type": "CATEGORICAL"
        },
        "id": "9FJM5Bw"
      },
      {
        "type": "oneway_anova",
        "yValues": [
          "Suadiye",
          "Acıbadem",
          "Göztepe",
          "Fikirtepe"
        ],
        "maxGroups": 10,
        "confidenceLevel": 0.95,
        "xColumn": {
          "name": "FİYAT",
          "type": "CONTINUOUS"
        },
        "yColumn": {
          "name": "MAHALLE",
          "type": "CATEGORICAL"
        },
        "id": "sPEMGPs"
      }
    ],
    "id": "8i3NcVd"
  },
  "name": "Worksheet",
  "creationTag": {
    "versionNumber": 0,
    "lastModifiedBy": {
      "login": "admin"
    },
    "lastModifiedOn": 1703112314147,
    "extendedProperties": {}
  },
  "tags": [],
  "customFields": {},
  "checklists": {
    "checklists": []
  }
}