{
  "dataSpec": {
    "inputDatasetSmartName": "kadikoy_satilik_daire_prepared",
    "datasetSelection": {
      "useMemTable": false,
      "filter": {
        "distinct": false,
        "enabled": false
      },
      "partitionSelectionMethod": "ALL",
      "latestPartitionsN": 1,
      "ordering": {
        "enabled": false,
        "rules": []
      },
      "samplingMethod": "HEAD_SEQUENTIAL",
      "maxRecords": 100000,
      "targetRatio": 0.02,
      "ascending": false,
      "withinFirstN": -1,
      "maxReadUncompressedBytes": -1,
      "seed": 1337
    },
    "autoRefreshSample": true,
    "refreshTrigger": 0,
    "containerSelection": {
      "containerMode": "INHERIT"
    }
  },
  "rootCard": {
    "type": "worksheet_root",
    "confidenceLevel": 0.95,
    "showConfidenceInterval": true,
    "cards": [
      {
        "type": "univariate_header",
        "showHistogram": true,
        "showQuantile": true,
        "showFrequencyTable": true,
        "showSummary": true,
        "showBoxPlot": true,
        "showCumulativeDistributionFunction": true,
        "xColumns": [
          {
            "name": "İLAN ADI",
            "type": "CATEGORICAL"
          },
          {
            "name": "MAHALLE",
            "type": "CATEGORICAL"
          },
          {
            "name": "FİYAT",
            "type": "CONTINUOUS"
          },
          {
            "name": "NET(m²)",
            "type": "CONTINUOUS"
          },
          {
            "name": "BRÜT(m²)",
            "type": "CONTINUOUS"
          },
          {
            "name": "BRÜT - NET (m2)",
            "type": "CONTINUOUS"
          },
          {
            "name": "ODA-SALON SAYISI",
            "type": "CATEGORICAL"
          },
          {
            "name": "ODA SAYISI",
            "type": "CONTINUOUS"
          },
          {
            "name": "SALON SAYISI",
            "type": "CONTINUOUS"
          },
          {
            "name": "BANYO SAYISI",
            "type": "CONTINUOUS"
          },
          {
            "name": "FOTOĞRAF SAYISI",
            "type": "CONTINUOUS"
          },
          {
            "name": "BİNA KAT SAYISI",
            "type": "CATEGORICAL"
          },
          {
            "name": "BULUNDUĞU KAT",
            "type": "CATEGORICAL"
          },
          {
            "name": "YAPI DURUMU",
            "type": "CATEGORICAL"
          },
          {
            "name": "ISITMA",
            "type": "CATEGORICAL"
          },
          {
            "name": "BİNA YAŞI",
            "type": "CATEGORICAL"
          },
          {
            "name": "AİDAT",
            "type": "CONTINUOUS"
          },
          {
            "name": "KİRA GETİRİSİ",
            "type": "CONTINUOUS"
          }
        ],
        "cards": [
          {
            "type": "column_card",
            "column": {
              "name": "İLAN ADI",
              "type": "CATEGORICAL"
            },
            "cards": [
              {
                "type": "categorical_histogram",
                "maxValues": 10,
                "groupOthers": false,
                "column": {
                  "name": "İLAN ADI",
                  "type": "CATEGORICAL"
                },
                "id": "DcAiJ6R"
              },
              {
                "type": "univariate_summary",
                "confidenceLevel": 0.95,
                "showConfidenceInterval": true,
                "compute": {
                  "totalCount": true,
                  "mean": true,
                  "sum": false,
                  "median": true,
                  "std": true,
                  "variance": false,
                  "skewness": false,
                  "kurtosis": false,
                  "sem": false,
                  "completeCount": true,
                  "nbEmpty": true,
                  "zeroCount": false,
                  "zeroRatio": false,
                  "nonZeroRatio": false,
                  "iqr": false,
                  "distinctCount": true,
                  "nbNonEmpty": true,
                  "min": true,
                  "max": true,
                  "range": false,
                  "mode": true
                },
                "column": {
                  "name": "İLAN ADI",
                  "type": "CATEGORICAL"
                },
                "id": "D9JWt5Z"
              },
              {
                "type": "univariate_frequency_table",
                "maxValues": 15,
                "column": {
                  "name": "İLAN ADI",
                  "type": "CATEGORICAL"
                },
                "id": "sVK6wpE"
              }
            ],
            "id": "PaQyt1g"
          },
          {
            "type": "column_card",
            "column": {
              "name": "MAHALLE",
              "type": "CATEGORICAL"
            },
            "cards": [
              {
                "type": "categorical_histogram",
                "maxValues": 10,
                "groupOthers": false,
                "column": {
                  "name": "MAHALLE",
                  "type": "CATEGORICAL"
                },
                "id": "mlqX4jF"
              },
              {
                "type": "univariate_summary",
                "confidenceLevel": 0.95,
                "showConfidenceInterval": true,
                "compute": {
                  "totalCount": true,
                  "mean": true,
                  "sum": false,
                  "median": true,
                  "std": true,
                  "variance": false,
                  "skewness": false,
                  "kurtosis": false,
                  "sem": false,
                  "completeCount": true,
                  "nbEmpty": true,
                  "zeroCount": false,
                  "zeroRatio": false,
                  "nonZeroRatio": false,
                  "iqr": false,
                  "distinctCount": true,
                  "nbNonEmpty": true,
                  "min": true,
                  "max": true,
                  "range": false,
                  "mode": true
                },
                "column": {
                  "name": "MAHALLE",
                  "type": "CATEGORICAL"
                },
                "id": "R3cvbBz"
              },
              {
                "type": "univariate_frequency_table",
                "maxValues": 15,
                "column": {
                  "name": "MAHALLE",
                  "type": "CATEGORICAL"
                },
                "id": "pF2s47H"
              }
            ],
            "id": "TZItkzk"
          },
          {
            "type": "column_card",
            "column": {
              "name": "FİYAT",
              "type": "CONTINUOUS"
            },
            "cards": [
              {
                "type": "numerical_histogram",
                "showBoxPlot": true,
                "showHistogram": true,
                "binningMode": "AUTO",
                "nbBins": 25,
                "customBinningBoundaries": [],
                "column": {
                  "name": "FİYAT",
                  "type": "CONTINUOUS"
                },
                "id": "uqDWZcR"
              },
              {
                "type": "cdf_plot",
                "column": {
                  "name": "FİYAT",
                  "type": "CONTINUOUS"
                },
                "id": "OkEKHq4"
              },
              {
                "type": "univariate_summary",
                "confidenceLevel": 0.95,
                "showConfidenceInterval": true,
                "compute": {
                  "totalCount": true,
                  "mean": true,
                  "sum": true,
                  "median": true,
                  "std": true,
                  "variance": true,
                  "skewness": true,
                  "kurtosis": true,
                  "sem": true,
                  "completeCount": true,
                  "nbEmpty": true,
                  "zeroCount": true,
                  "zeroRatio": true,
                  "nonZeroRatio": true,
                  "iqr": true,
                  "distinctCount": true,
                  "nbNonEmpty": false,
                  "min": true,
                  "max": true,
                  "range": true,
                  "mode": true
                },
                "column": {
                  "name": "FİYAT",
                  "type": "CONTINUOUS"
                },
                "id": "Bu6Y2Ak"
              },
              {
                "type": "quantile_table",
                "customFreqs": [
                  0.0,
                  0.25,
                  0.5,
                  0.75,
                  1.0
                ],
                "confidenceLevel": 0.95,
                "showConfidenceInterval": true,
                "column": {
                  "name": "FİYAT",
                  "type": "CONTINUOUS"
                },
                "id": "DuyUd9t"
              }
            ],
            "id": "7zqBgBl"
          },
          {
            "type": "column_card",
            "column": {
              "name": "NET(m²)",
              "type": "CONTINUOUS"
            },
            "cards": [
              {
                "type": "numerical_histogram",
                "showBoxPlot": true,
                "showHistogram": true,
                "binningMode": "AUTO",
                "nbBins": 25,
                "customBinningBoundaries": [],
                "column": {
                  "name": "NET(m²)",
                  "type": "CONTINUOUS"
                },
                "id": "B9A7W5V"
              },
              {
                "type": "cdf_plot",
                "column": {
                  "name": "NET(m²)",
                  "type": "CONTINUOUS"
                },
                "id": "MxfYK58"
              },
              {
                "type": "univariate_summary",
                "confidenceLevel": 0.95,
                "showConfidenceInterval": true,
                "compute": {
                  "totalCount": true,
                  "mean": true,
                  "sum": true,
                  "median": true,
                  "std": true,
                  "variance": true,
                  "skewness": true,
                  "kurtosis": true,
                  "sem": true,
                  "completeCount": true,
                  "nbEmpty": true,
                  "zeroCount": true,
                  "zeroRatio": true,
                  "nonZeroRatio": true,
                  "iqr": true,
                  "distinctCount": true,
                  "nbNonEmpty": false,
                  "min": true,
                  "max": true,
                  "range": true,
                  "mode": true
                },
                "column": {
                  "name": "NET(m²)",
                  "type": "CONTINUOUS"
                },
                "id": "iNKITR9"
              },
              {
                "type": "quantile_table",
                "customFreqs": [
                  0.0,
                  0.25,
                  0.5,
                  0.75,
                  1.0
                ],
                "confidenceLevel": 0.95,
                "showConfidenceInterval": true,
                "column": {
                  "name": "NET(m²)",
                  "type": "CONTINUOUS"
                },
                "id": "5paqNln"
              }
            ],
            "id": "eETIrXX"
          },
          {
            "type": "column_card",
            "column": {
              "name": "BRÜT(m²)",
              "type": "CONTINUOUS"
            },
            "cards": [
              {
                "type": "numerical_histogram",
                "showBoxPlot": true,
                "showHistogram": true,
                "binningMode": "AUTO",
                "nbBins": 25,
                "customBinningBoundaries": [],
                "column": {
                  "name": "BRÜT(m²)",
                  "type": "CONTINUOUS"
                },
                "id": "XO7rE0L"
              },
              {
                "type": "cdf_plot",
                "column": {
                  "name": "BRÜT(m²)",
                  "type": "CONTINUOUS"
                },
                "id": "9i5P44Q"
              },
              {
                "type": "univariate_summary",
                "confidenceLevel": 0.95,
                "showConfidenceInterval": true,
                "compute": {
                  "totalCount": true,
                  "mean": true,
                  "sum": true,
                  "median": true,
                  "std": true,
                  "variance": true,
                  "skewness": true,
                  "kurtosis": true,
                  "sem": true,
                  "completeCount": true,
                  "nbEmpty": true,
                  "zeroCount": true,
                  "zeroRatio": true,
                  "nonZeroRatio": true,
                  "iqr": true,
                  "distinctCount": true,
                  "nbNonEmpty": false,
                  "min": true,
                  "max": true,
                  "range": true,
                  "mode": true
                },
                "column": {
                  "name": "BRÜT(m²)",
                  "type": "CONTINUOUS"
                },
                "id": "5cOm93J"
              },
              {
                "type": "quantile_table",
                "customFreqs": [
                  0.0,
                  0.25,
                  0.5,
                  0.75,
                  1.0
                ],
                "confidenceLevel": 0.95,
                "showConfidenceInterval": true,
                "column": {
                  "name": "BRÜT(m²)",
                  "type": "CONTINUOUS"
                },
                "id": "Qm596jq"
              }
            ],
            "id": "pLZvHh4"
          },
          {
            "type": "column_card",
            "column": {
              "name": "BRÜT - NET (m2)",
              "type": "CONTINUOUS"
            },
            "cards": [
              {
                "type": "numerical_histogram",
                "showBoxPlot": true,
                "showHistogram": true,
                "binningMode": "AUTO",
                "nbBins": 25,
                "customBinningBoundaries": [],
                "column": {
                  "name": "BRÜT - NET (m2)",
                  "type": "CONTINUOUS"
                },
                "id": "gUDS1EW"
              },
              {
                "type": "cdf_plot",
                "column": {
                  "name": "BRÜT - NET (m2)",
                  "type": "CONTINUOUS"
                },
                "id": "bxdAFAF"
              },
              {
                "type": "univariate_summary",
                "confidenceLevel": 0.95,
                "showConfidenceInterval": true,
                "compute": {
                  "totalCount": true,
                  "mean": true,
                  "sum": true,
                  "median": true,
                  "std": true,
                  "variance": true,
                  "skewness": true,
                  "kurtosis": true,
                  "sem": true,
                  "completeCount": true,
                  "nbEmpty": true,
                  "zeroCount": true,
                  "zeroRatio": true,
                  "nonZeroRatio": true,
                  "iqr": true,
                  "distinctCount": true,
                  "nbNonEmpty": false,
                  "min": true,
                  "max": true,
                  "range": true,
                  "mode": true
                },
                "column": {
                  "name": "BRÜT - NET (m2)",
                  "type": "CONTINUOUS"
                },
                "id": "UNpykUi"
              },
              {
                "type": "quantile_table",
                "customFreqs": [
                  0.0,
                  0.25,
                  0.5,
                  0.75,
                  1.0
                ],
                "confidenceLevel": 0.95,
                "showConfidenceInterval": true,
                "column": {
                  "name": "BRÜT - NET (m2)",
                  "type": "CONTINUOUS"
                },
                "id": "Bdwutvs"
              }
            ],
            "id": "Sy1uQ98"
          },
          {
            "type": "column_card",
            "column": {
              "name": "ODA-SALON SAYISI",
              "type": "CATEGORICAL"
            },
            "cards": [
              {
                "type": "categorical_histogram",
                "maxValues": 10,
                "groupOthers": false,
                "column": {
                  "name": "ODA-SALON SAYISI",
                  "type": "CATEGORICAL"
                },
                "id": "hybK125"
              },
              {
                "type": "univariate_summary",
                "confidenceLevel": 0.95,
                "showConfidenceInterval": true,
                "compute": {
                  "totalCount": true,
                  "mean": true,
                  "sum": false,
                  "median": true,
                  "std": true,
                  "variance": false,
                  "skewness": false,
                  "kurtosis": false,
                  "sem": false,
                  "completeCount": true,
                  "nbEmpty": true,
                  "zeroCount": false,
                  "zeroRatio": false,
                  "nonZeroRatio": false,
                  "iqr": false,
                  "distinctCount": true,
                  "nbNonEmpty": true,
                  "min": true,
                  "max": true,
                  "range": false,
                  "mode": true
                },
                "column": {
                  "name": "ODA-SALON SAYISI",
                  "type": "CATEGORICAL"
                },
                "id": "jCL8DtD"
              },
              {
                "type": "univariate_frequency_table",
                "maxValues": 15,
                "column": {
                  "name": "ODA-SALON SAYISI",
                  "type": "CATEGORICAL"
                },
                "id": "OqUZx9H"
              }
            ],
            "id": "GqKdEN6"
          },
          {
            "type": "column_card",
            "column": {
              "name": "ODA SAYISI",
              "type": "CONTINUOUS"
            },
            "cards": [
              {
                "type": "numerical_histogram",
                "showBoxPlot": true,
                "showHistogram": true,
                "binningMode": "AUTO",
                "nbBins": 25,
                "customBinningBoundaries": [],
                "column": {
                  "name": "ODA SAYISI",
                  "type": "CONTINUOUS"
                },
                "id": "PGalcXd"
              },
              {
                "type": "cdf_plot",
                "column": {
                  "name": "ODA SAYISI",
                  "type": "CONTINUOUS"
                },
                "id": "8Vi2t4F"
              },
              {
                "type": "univariate_summary",
                "confidenceLevel": 0.95,
                "showConfidenceInterval": true,
                "compute": {
                  "totalCount": true,
                  "mean": true,
                  "sum": true,
                  "median": true,
                  "std": true,
                  "variance": true,
                  "skewness": true,
                  "kurtosis": true,
                  "sem": true,
                  "completeCount": true,
                  "nbEmpty": true,
                  "zeroCount": true,
                  "zeroRatio": true,
                  "nonZeroRatio": true,
                  "iqr": true,
                  "distinctCount": true,
                  "nbNonEmpty": false,
                  "min": true,
                  "max": true,
                  "range": true,
                  "mode": true
                },
                "column": {
                  "name": "ODA SAYISI",
                  "type": "CONTINUOUS"
                },
                "id": "Pjhgnr7"
              },
              {
                "type": "quantile_table",
                "customFreqs": [
                  0.0,
                  0.25,
                  0.5,
                  0.75,
                  1.0
                ],
                "confidenceLevel": 0.95,
                "showConfidenceInterval": true,
                "column": {
                  "name": "ODA SAYISI",
                  "type": "CONTINUOUS"
                },
                "id": "IcvZrZK"
              }
            ],
            "id": "n84D2W2"
          },
          {
            "type": "column_card",
            "column": {
              "name": "SALON SAYISI",
              "type": "CONTINUOUS"
            },
            "cards": [
              {
                "type": "numerical_histogram",
                "showBoxPlot": true,
                "showHistogram": true,
                "binningMode": "AUTO",
                "nbBins": 25,
                "customBinningBoundaries": [],
                "column": {
                  "name": "SALON SAYISI",
                  "type": "CONTINUOUS"
                },
                "id": "7rR2Aa9"
              },
              {
                "type": "cdf_plot",
                "column": {
                  "name": "SALON SAYISI",
                  "type": "CONTINUOUS"
                },
                "id": "xIDhXXY"
              },
              {
                "type": "univariate_summary",
                "confidenceLevel": 0.95,
                "showConfidenceInterval": true,
                "compute": {
                  "totalCount": true,
                  "mean": true,
                  "sum": true,
                  "median": true,
                  "std": true,
                  "variance": true,
                  "skewness": true,
                  "kurtosis": true,
                  "sem": true,
                  "completeCount": true,
                  "nbEmpty": true,
                  "zeroCount": true,
                  "zeroRatio": true,
                  "nonZeroRatio": true,
                  "iqr": true,
                  "distinctCount": true,
                  "nbNonEmpty": false,
                  "min": true,
                  "max": true,
                  "range": true,
                  "mode": true
                },
                "column": {
                  "name": "SALON SAYISI",
                  "type": "CONTINUOUS"
                },
                "id": "DSl9cYk"
              },
              {
                "type": "quantile_table",
                "customFreqs": [
                  0.0,
                  0.25,
                  0.5,
                  0.75,
                  1.0
                ],
                "confidenceLevel": 0.95,
                "showConfidenceInterval": true,
                "column": {
                  "name": "SALON SAYISI",
                  "type": "CONTINUOUS"
                },
                "id": "5y2jfcX"
              }
            ],
            "id": "ISPDIIo"
          },
          {
            "type": "column_card",
            "column": {
              "name": "BANYO SAYISI",
              "type": "CONTINUOUS"
            },
            "cards": [
              {
                "type": "numerical_histogram",
                "showBoxPlot": true,
                "showHistogram": true,
                "binningMode": "AUTO",
                "nbBins": 25,
                "customBinningBoundaries": [],
                "column": {
                  "name": "BANYO SAYISI",
                  "type": "CONTINUOUS"
                },
                "id": "szIgfD2"
              },
              {
                "type": "cdf_plot",
                "column": {
                  "name": "BANYO SAYISI",
                  "type": "CONTINUOUS"
                },
                "id": "3hvAky9"
              },
              {
                "type": "univariate_summary",
                "confidenceLevel": 0.95,
                "showConfidenceInterval": true,
                "compute": {
                  "totalCount": true,
                  "mean": true,
                  "sum": true,
                  "median": true,
                  "std": true,
                  "variance": true,
                  "skewness": true,
                  "kurtosis": true,
                  "sem": true,
                  "completeCount": true,
                  "nbEmpty": true,
                  "zeroCount": true,
                  "zeroRatio": true,
                  "nonZeroRatio": true,
                  "iqr": true,
                  "distinctCount": true,
                  "nbNonEmpty": false,
                  "min": true,
                  "max": true,
                  "range": true,
                  "mode": true
                },
                "column": {
                  "name": "BANYO SAYISI",
                  "type": "CONTINUOUS"
                },
                "id": "SHbziRw"
              },
              {
                "type": "quantile_table",
                "customFreqs": [
                  0.0,
                  0.25,
                  0.5,
                  0.75,
                  1.0
                ],
                "confidenceLevel": 0.95,
                "showConfidenceInterval": true,
                "column": {
                  "name": "BANYO SAYISI",
                  "type": "CONTINUOUS"
                },
                "id": "KLSHYMa"
              }
            ],
            "id": "9ag43Dm"
          },
          {
            "type": "column_card",
            "column": {
              "name": "FOTOĞRAF SAYISI",
              "type": "CONTINUOUS"
            },
            "cards": [
              {
                "type": "numerical_histogram",
                "showBoxPlot": true,
                "showHistogram": true,
                "binningMode": "AUTO",
                "nbBins": 25,
                "customBinningBoundaries": [],
                "column": {
                  "name": "FOTOĞRAF SAYISI",
                  "type": "CONTINUOUS"
                },
                "id": "gksroVC"
              },
              {
                "type": "cdf_plot",
                "column": {
                  "name": "FOTOĞRAF SAYISI",
                  "type": "CONTINUOUS"
                },
                "id": "WWK0wM2"
              },
              {
                "type": "univariate_summary",
                "confidenceLevel": 0.95,
                "showConfidenceInterval": true,
                "compute": {
                  "totalCount": true,
                  "mean": true,
                  "sum": true,
                  "median": true,
                  "std": true,
                  "variance": true,
                  "skewness": true,
                  "kurtosis": true,
                  "sem": true,
                  "completeCount": true,
                  "nbEmpty": true,
                  "zeroCount": true,
                  "zeroRatio": true,
                  "nonZeroRatio": true,
                  "iqr": true,
                  "distinctCount": true,
                  "nbNonEmpty": false,
                  "min": true,
                  "max": true,
                  "range": true,
                  "mode": true
                },
                "column": {
                  "name": "FOTOĞRAF SAYISI",
                  "type": "CONTINUOUS"
                },
                "id": "HrpdR7V"
              },
              {
                "type": "quantile_table",
                "customFreqs": [
                  0.0,
                  0.25,
                  0.5,
                  0.75,
                  1.0
                ],
                "confidenceLevel": 0.95,
                "showConfidenceInterval": true,
                "column": {
                  "name": "FOTOĞRAF SAYISI",
                  "type": "CONTINUOUS"
                },
                "id": "SwMJuJE"
              }
            ],
            "id": "JX0qx4g"
          },
          {
            "type": "column_card",
            "column": {
              "name": "BİNA KAT SAYISI",
              "type": "CATEGORICAL"
            },
            "cards": [
              {
                "type": "categorical_histogram",
                "maxValues": 10,
                "groupOthers": false,
                "column": {
                  "name": "BİNA KAT SAYISI",
                  "type": "CATEGORICAL"
                },
                "id": "G1PBHpi"
              },
              {
                "type": "univariate_summary",
                "confidenceLevel": 0.95,
                "showConfidenceInterval": true,
                "compute": {
                  "totalCount": true,
                  "mean": true,
                  "sum": false,
                  "median": true,
                  "std": true,
                  "variance": false,
                  "skewness": false,
                  "kurtosis": false,
                  "sem": false,
                  "completeCount": true,
                  "nbEmpty": true,
                  "zeroCount": false,
                  "zeroRatio": false,
                  "nonZeroRatio": false,
                  "iqr": false,
                  "distinctCount": true,
                  "nbNonEmpty": true,
                  "min": true,
                  "max": true,
                  "range": false,
                  "mode": true
                },
                "column": {
                  "name": "BİNA KAT SAYISI",
                  "type": "CATEGORICAL"
                },
                "id": "pJ4TTzB"
              },
              {
                "type": "univariate_frequency_table",
                "maxValues": 15,
                "column": {
                  "name": "BİNA KAT SAYISI",
                  "type": "CATEGORICAL"
                },
                "id": "CMD48DT"
              }
            ],
            "id": "mftpelq"
          },
          {
            "type": "column_card",
            "column": {
              "name": "BULUNDUĞU KAT",
              "type": "CATEGORICAL"
            },
            "cards": [
              {
                "type": "categorical_histogram",
                "maxValues": 10,
                "groupOthers": false,
                "column": {
                  "name": "BULUNDUĞU KAT",
                  "type": "CATEGORICAL"
                },
                "id": "iEiiev2"
              },
              {
                "type": "univariate_summary",
                "confidenceLevel": 0.95,
                "showConfidenceInterval": true,
                "compute": {
                  "totalCount": true,
                  "mean": true,
                  "sum": false,
                  "median": true,
                  "std": true,
                  "variance": false,
                  "skewness": false,
                  "kurtosis": false,
                  "sem": false,
                  "completeCount": true,
                  "nbEmpty": true,
                  "zeroCount": false,
                  "zeroRatio": false,
                  "nonZeroRatio": false,
                  "iqr": false,
                  "distinctCount": true,
                  "nbNonEmpty": true,
                  "min": true,
                  "max": true,
                  "range": false,
                  "mode": true
                },
                "column": {
                  "name": "BULUNDUĞU KAT",
                  "type": "CATEGORICAL"
                },
                "id": "HCipvOd"
              },
              {
                "type": "univariate_frequency_table",
                "maxValues": 15,
                "column": {
                  "name": "BULUNDUĞU KAT",
                  "type": "CATEGORICAL"
                },
                "id": "c2QxSBB"
              }
            ],
            "id": "DU7ZKHS"
          },
          {
            "type": "column_card",
            "column": {
              "name": "YAPI DURUMU",
              "type": "CATEGORICAL"
            },
            "cards": [
              {
                "type": "categorical_histogram",
                "maxValues": 10,
                "groupOthers": false,
                "column": {
                  "name": "YAPI DURUMU",
                  "type": "CATEGORICAL"
                },
                "id": "s10cF4z"
              },
              {
                "type": "univariate_summary",
                "confidenceLevel": 0.95,
                "showConfidenceInterval": true,
                "compute": {
                  "totalCount": true,
                  "mean": true,
                  "sum": false,
                  "median": true,
                  "std": true,
                  "variance": false,
                  "skewness": false,
                  "kurtosis": false,
                  "sem": false,
                  "completeCount": true,
                  "nbEmpty": true,
                  "zeroCount": false,
                  "zeroRatio": false,
                  "nonZeroRatio": false,
                  "iqr": false,
                  "distinctCount": true,
                  "nbNonEmpty": true,
                  "min": true,
                  "max": true,
                  "range": false,
                  "mode": true
                },
                "column": {
                  "name": "YAPI DURUMU",
                  "type": "CATEGORICAL"
                },
                "id": "hT3Ifny"
              },
              {
                "type": "univariate_frequency_table",
                "maxValues": 15,
                "column": {
                  "name": "YAPI DURUMU",
                  "type": "CATEGORICAL"
                },
                "id": "s8mYWAa"
              }
            ],
            "id": "17ywGxR"
          },
          {
            "type": "column_card",
            "column": {
              "name": "ISITMA",
              "type": "CATEGORICAL"
            },
            "cards": [
              {
                "type": "categorical_histogram",
                "maxValues": 10,
                "groupOthers": false,
                "column": {
                  "name": "ISITMA",
                  "type": "CATEGORICAL"
                },
                "id": "sSR9xC5"
              },
              {
                "type": "univariate_summary",
                "confidenceLevel": 0.95,
                "showConfidenceInterval": true,
                "compute": {
                  "totalCount": true,
                  "mean": true,
                  "sum": false,
                  "median": true,
                  "std": true,
                  "variance": false,
                  "skewness": false,
                  "kurtosis": false,
                  "sem": false,
                  "completeCount": true,
                  "nbEmpty": true,
                  "zeroCount": false,
                  "zeroRatio": false,
                  "nonZeroRatio": false,
                  "iqr": false,
                  "distinctCount": true,
                  "nbNonEmpty": true,
                  "min": true,
                  "max": true,
                  "range": false,
                  "mode": true
                },
                "column": {
                  "name": "ISITMA",
                  "type": "CATEGORICAL"
                },
                "id": "YKw1fAR"
              },
              {
                "type": "univariate_frequency_table",
                "maxValues": 15,
                "column": {
                  "name": "ISITMA",
                  "type": "CATEGORICAL"
                },
                "id": "696boh4"
              }
            ],
            "id": "9REywCM"
          },
          {
            "type": "column_card",
            "column": {
              "name": "BİNA YAŞI",
              "type": "CATEGORICAL"
            },
            "cards": [
              {
                "type": "categorical_histogram",
                "maxValues": 10,
                "groupOthers": false,
                "column": {
                  "name": "BİNA YAŞI",
                  "type": "CATEGORICAL"
                },
                "id": "1d87Luh"
              },
              {
                "type": "univariate_summary",
                "confidenceLevel": 0.95,
                "showConfidenceInterval": true,
                "compute": {
                  "totalCount": true,
                  "mean": true,
                  "sum": false,
                  "median": true,
                  "std": true,
                  "variance": false,
                  "skewness": false,
                  "kurtosis": false,
                  "sem": false,
                  "completeCount": true,
                  "nbEmpty": true,
                  "zeroCount": false,
                  "zeroRatio": false,
                  "nonZeroRatio": false,
                  "iqr": false,
                  "distinctCount": true,
                  "nbNonEmpty": true,
                  "min": true,
                  "max": true,
                  "range": false,
                  "mode": true
                },
                "column": {
                  "name": "BİNA YAŞI",
                  "type": "CATEGORICAL"
                },
                "id": "fd4IabD"
              },
              {
                "type": "univariate_frequency_table",
                "maxValues": 15,
                "column": {
                  "name": "BİNA YAŞI",
                  "type": "CATEGORICAL"
                },
                "id": "LxWgkgH"
              }
            ],
            "id": "FT5niKp"
          },
          {
            "type": "column_card",
            "column": {
              "name": "AİDAT",
              "type": "CONTINUOUS"
            },
            "cards": [
              {
                "type": "numerical_histogram",
                "showBoxPlot": true,
                "showHistogram": true,
                "binningMode": "AUTO",
                "nbBins": 25,
                "customBinningBoundaries": [],
                "column": {
                  "name": "AİDAT",
                  "type": "CONTINUOUS"
                },
                "id": "o3zlwb3"
              },
              {
                "type": "cdf_plot",
                "column": {
                  "name": "AİDAT",
                  "type": "CONTINUOUS"
                },
                "id": "Z868aQj"
              },
              {
                "type": "univariate_summary",
                "confidenceLevel": 0.95,
                "showConfidenceInterval": true,
                "compute": {
                  "totalCount": true,
                  "mean": true,
                  "sum": true,
                  "median": true,
                  "std": true,
                  "variance": true,
                  "skewness": true,
                  "kurtosis": true,
                  "sem": true,
                  "completeCount": true,
                  "nbEmpty": true,
                  "zeroCount": true,
                  "zeroRatio": true,
                  "nonZeroRatio": true,
                  "iqr": true,
                  "distinctCount": true,
                  "nbNonEmpty": false,
                  "min": true,
                  "max": true,
                  "range": true,
                  "mode": true
                },
                "column": {
                  "name": "AİDAT",
                  "type": "CONTINUOUS"
                },
                "id": "yDhHxJL"
              },
              {
                "type": "quantile_table",
                "customFreqs": [
                  0.0,
                  0.25,
                  0.5,
                  0.75,
                  1.0
                ],
                "confidenceLevel": 0.95,
                "showConfidenceInterval": true,
                "column": {
                  "name": "AİDAT",
                  "type": "CONTINUOUS"
                },
                "id": "kJvtStC"
              }
            ],
            "id": "aCQqO8u"
          },
          {
            "type": "column_card",
            "column": {
              "name": "KİRA GETİRİSİ",
              "type": "CONTINUOUS"
            },
            "cards": [
              {
                "type": "numerical_histogram",
                "showBoxPlot": true,
                "showHistogram": true,
                "binningMode": "AUTO",
                "nbBins": 25,
                "customBinningBoundaries": [],
                "column": {
                  "name": "KİRA GETİRİSİ",
                  "type": "CONTINUOUS"
                },
                "id": "VdvHKEv"
              },
              {
                "type": "cdf_plot",
                "column": {
                  "name": "KİRA GETİRİSİ",
                  "type": "CONTINUOUS"
                },
                "id": "ZMlnzA8"
              },
              {
                "type": "univariate_summary",
                "confidenceLevel": 0.95,
                "showConfidenceInterval": true,
                "compute": {
                  "totalCount": true,
                  "mean": true,
                  "sum": true,
                  "median": true,
                  "std": true,
                  "variance": true,
                  "skewness": true,
                  "kurtosis": true,
                  "sem": true,
                  "completeCount": true,
                  "nbEmpty": true,
                  "zeroCount": true,
                  "zeroRatio": true,
                  "nonZeroRatio": true,
                  "iqr": true,
                  "distinctCount": true,
                  "nbNonEmpty": false,
                  "min": true,
                  "max": true,
                  "range": true,
                  "mode": true
                },
                "column": {
                  "name": "KİRA GETİRİSİ",
                  "type": "CONTINUOUS"
                },
                "id": "iDQ6TsA"
              },
              {
                "type": "quantile_table",
                "customFreqs": [
                  0.0,
                  0.25,
                  0.5,
                  0.75,
                  1.0
                ],
                "confidenceLevel": 0.95,
                "showConfidenceInterval": true,
                "column": {
                  "name": "KİRA GETİRİSİ",
                  "type": "CONTINUOUS"
                },
                "id": "e0E2NDb"
              }
            ],
            "id": "BN1NfMx"
          }
        ],
        "id": "U5zHezK"
      },
      {
        "type": "correlation_matrix",
        "heatmapParams": {
          "showValues": true,
          "showColors": true,
          "showAbsValues": false,
          "threshold": 0.0,
          "filterVariablesWithoutValues": false
        },
        "metric": "PEARSON",
        "columns": [
          {
            "name": "FİYAT",
            "type": "CONTINUOUS"
          },
          {
            "name": "NET(m²)",
            "type": "CONTINUOUS"
          },
          {
            "name": "BRÜT(m²)",
            "type": "CONTINUOUS"
          },
          {
            "name": "BRÜT - NET (m2)",
            "type": "CONTINUOUS"
          },
          {
            "name": "ODA SAYISI",
            "type": "CONTINUOUS"
          },
          {
            "name": "SALON SAYISI",
            "type": "CONTINUOUS"
          },
          {
            "name": "BANYO SAYISI",
            "type": "CONTINUOUS"
          },
          {
            "name": "FOTOĞRAF SAYISI",
            "type": "CONTINUOUS"
          },
          {
            "name": "AİDAT",
            "type": "CONTINUOUS"
          },
          {
            "name": "KİRA GETİRİSİ",
            "type": "CONTINUOUS"
          }
        ],
        "id": "aJAiEBk"
      },
      {
        "type": "correlation_matrix",
        "heatmapParams": {
          "showValues": true,
          "showColors": true,
          "showAbsValues": false,
          "threshold": 0.0,
          "filterVariablesWithoutValues": false
        },
        "metric": "SPEARMAN",
        "columns": [
          {
            "name": "FİYAT",
            "type": "CONTINUOUS"
          },
          {
            "name": "NET(m²)",
            "type": "CONTINUOUS"
          },
          {
            "name": "BRÜT(m²)",
            "type": "CONTINUOUS"
          },
          {
            "name": "BRÜT - NET (m2)",
            "type": "CONTINUOUS"
          },
          {
            "name": "ODA SAYISI",
            "type": "CONTINUOUS"
          },
          {
            "name": "SALON SAYISI",
            "type": "CONTINUOUS"
          },
          {
            "name": "BANYO SAYISI",
            "type": "CONTINUOUS"
          },
          {
            "name": "FOTOĞRAF SAYISI",
            "type": "CONTINUOUS"
          },
          {
            "name": "AİDAT",
            "type": "CONTINUOUS"
          },
          {
            "name": "KİRA GETİRİSİ",
            "type": "CONTINUOUS"
          }
        ],
        "id": "4ZXhcyc"
      },
      {
        "type": "chi2_independence_test",
        "maxValuesX": 5,
        "maxValuesY": 5,
        "confidenceLevel": 0.95,
        "xColumn": {
          "name": "MAHALLE",
          "type": "CATEGORICAL"
        },
        "yColumn": {
          "name": "ISITMA",
          "type": "CATEGORICAL"
        },
        "id": "FbGAPus"
      }
    ],
    "id": "f8hfrCF"
  },
  "name": "Worksheet",
  "creationTag": {
    "versionNumber": 0,
    "lastModifiedBy": {
      "login": "admin"
    },
    "lastModifiedOn": 1702542555237,
    "extendedProperties": {}
  },
  "tags": [],
  "customFields": {},
  "checklists": {
    "checklists": []
  }
}