{
  "tags": {
    "DASHBOARD.HuudKto": {
      "versionNumber": 0,
      "lastModifiedBy": {
        "login": "admin"
      },
      "lastModifiedOn": 1702018645913,
      "extendedProperties": {}
    },
    "DATASET.credit_loan": {
      "versionNumber": 1,
      "lastModifiedBy": {
        "login": "admin"
      },
      "lastModifiedOn": 1702025647038,
      "extendedProperties": {}
    },
    "DATASET.credit_loan_distinct": {
      "versionNumber": 3,
      "lastModifiedBy": {
        "login": "admin"
      },
      "lastModifiedOn": 1702027214578,
      "extendedProperties": {}
    },
    "DATASET.kadikoy_python": {
      "versionNumber": 1,
      "lastModifiedBy": {
        "login": "admin"
      },
      "lastModifiedOn": 1702021656995,
      "extendedProperties": {}
    },
    "DATASET.kadikoy_satilik_daire": {
      "versionNumber": 4,
      "lastModifiedBy": {
        "login": "admin"
      },
      "lastModifiedOn": 1702020209227,
      "extendedProperties": {}
    },
    "DATASET.kadikoy_satilik_daire_prepared": {
      "versionNumber": 3,
      "lastModifiedBy": {
        "login": "admin"
      },
      "lastModifiedOn": 1703112253174,
      "extendedProperties": {}
    },
    "DATASET.kadikoy_satilik_daire_prepared_distinct": {
      "versionNumber": 1,
      "lastModifiedBy": {
        "login": "admin"
      },
      "lastModifiedOn": 1703112275312,
      "extendedProperties": {}
    },
    "PROJECT.YENIPROJE": {
      "versionNumber": 4,
      "lastModifiedBy": {
        "login": "admin"
      },
      "lastModifiedOn": 1702021988521,
      "extendedProperties": {}
    },
    "RECIPE.compute_credit_loan_distinct": {
      "versionNumber": 4,
      "lastModifiedBy": {
        "login": "admin"
      },
      "lastModifiedOn": 1702027214648,
      "extendedProperties": {}
    },
    "RECIPE.compute_kadikoy_python": {
      "versionNumber": 2,
      "lastModifiedBy": {
        "login": "admin"
      },
      "lastModifiedOn": 1702021718796,
      "extendedProperties": {}
    },
    "RECIPE.compute_kadikoy_satilik_daire_prepared": {
      "versionNumber": 5,
      "lastModifiedBy": {
        "login": "admin"
      },
      "lastModifiedOn": 1703112253306,
      "extendedProperties": {}
    },
    "RECIPE.compute_kadikoy_satilik_daire_prepared_distinct": {
      "versionNumber": 1,
      "lastModifiedBy": {
        "login": "admin"
      },
      "lastModifiedOn": 1703112286899,
      "extendedProperties": {}
    },
    "STATISTICS_WORKSHEET.6r0PYpThAN": {
      "versionNumber": 17,
      "lastModifiedBy": {
        "login": "admin"
      },
      "lastModifiedOn": 1703149800824,
      "extendedProperties": {}
    },
    "STATISTICS_WORKSHEET.uuupXQaxA9": {
      "versionNumber": 18,
      "lastModifiedBy": {
        "login": "admin"
      },
      "lastModifiedOn": 1703107018637,
      "extendedProperties": {}
    }
  }
}