{
  "pages": [
    {
      "id": "Q8Qhcbg",
      "grid": {
        "tiles": []
      },
      "showTitle": false,
      "enableCrossFilters": true
    }
  ],
  "owner": "admin",
  "listed": true,
  "name": "Yeni Proje\u0027s default dashboard",
  "showGrid": true,
  "reloadWhenEventReceived": false,
  "creationTag": {
    "versionNumber": 0,
    "lastModifiedBy": {
      "login": "admin"
    },
    "lastModifiedOn": 1702018645913,
    "extendedProperties": {}
  },
  "tags": [],
  "customFields": {},
  "checklists": {
    "checklists": []
  }
}